<?xml version="1.0" encoding="UTF-8"?>
<project-private xmlns="http://www.netbeans.org/ns/project-private/1">
    <editor-bookmarks xmlns="http://www.netbeans.org/ns/editor-bookmarks/2" lastBookmarkId="0"/>
    <open-files xmlns="http://www.netbeans.org/ns/projectui-open-files/2">
        <group>
            <file>file:/C:/Users/Pawan/Documents/NetBeansProjects/Waste_Food_Management_System/src/userinterface/DriverRole/DriverMainWorkAreaJPanel.java</file>
            <file>file:/C:/Users/Pawan/Documents/NetBeansProjects/Waste_Food_Management_System/src/userinterface/AdministrativeRole/AdminWorkAreaJPanel.java</file>
            <file>file:/C:/Users/Pawan/Documents/NetBeansProjects/Waste_Food_Management_System/src/userinterface/AdministrativeRole/ManageOrganizationJPanel.java</file>
            <file>file:/C:/Users/Pawan/Documents/NetBeansProjects/Waste_Food_Management_System/src/userinterface/HelperRole/HelperWorkAreaJPanel.java</file>
            <file>file:/C:/Users/Pawan/Documents/NetBeansProjects/Waste_Food_Management_System/src/userinterface/MainJFrame.java</file>
            <file>file:/C:/Users/Pawan/Documents/NetBeansProjects/Waste_Food_Management_System/src/Business/Homeless/HomelessPeople.java</file>
            <file>file:/C:/Users/Pawan/Documents/NetBeansProjects/Waste_Food_Management_System/src/userinterface/admin/AdminCommunicationWorkAreaJPanel.java</file>
            <file>file:/C:/Users/Pawan/Documents/NetBeansProjects/Waste_Food_Management_System/src/Business/Role/AdminRole.java</file>
            <file>file:/C:/Users/Pawan/Documents/NetBeansProjects/Waste_Food_Management_System/src/Business/Organization/OrganizationDirectory.java</file>
            <file>file:/C:/Users/Pawan/Documents/NetBeansProjects/Waste_Food_Management_System/src/Business/Enterprise/EnterpriseDirectory.java</file>
            <file>file:/C:/Users/Pawan/Documents/NetBeansProjects/Waste_Food_Management_System/src/userinterface/DistributionInformation/NormalPeopleJPanel.java</file>
            <file>file:/C:/Users/Pawan/Documents/NetBeansProjects/Waste_Food_Management_System/src/userinterface/DriverRole/RequestWorkJPanel.java</file>
            <file>file:/C:/Users/Pawan/Documents/NetBeansProjects/Waste_Food_Management_System/src/userinterface/SystemAdminWorkArea/ManageNetworkJPanel.java</file>
            <file>file:/C:/Users/Pawan/Documents/NetBeansProjects/Waste_Food_Management_System/src/Business/Employee/Employee.java</file>
            <file>file:/C:/Users/Pawan/Documents/NetBeansProjects/Waste_Food_Management_System/src/userinterface/admin/CommunicationWithFoodCheckingJPanel.java</file>
            <file>file:/C:/Users/Pawan/Documents/NetBeansProjects/Waste_Food_Management_System/src/userinterface/AdministrativeRole/ManageUserAccountJPanel.java</file>
            <file>file:/C:/Users/Pawan/Documents/NetBeansProjects/Waste_Food_Management_System/src/userinterface/AdministrativeRole/RegisteredPeopleDataJPanel.java</file>
            <file>file:/C:/Users/Pawan/Documents/NetBeansProjects/Waste_Food_Management_System/src/userinterface/FoodChekerRole/FoodCheckerWorkAreaJPanel.java</file>
            <file>file:/C:/Users/Pawan/Documents/NetBeansProjects/Waste_Food_Management_System/src/userinterface/AdministrativeRole/ManageEmployeeJPanel.java</file>
            <file>file:/C:/Users/Pawan/Documents/NetBeansProjects/Waste_Food_Management_System/src/Business/Enterprise/Food_CheckingEnterprise.java</file>
            <file>file:/C:/Users/Pawan/Documents/NetBeansProjects/Waste_Food_Management_System/src/userinterface/FoodChekerRole/ManageOrganizationJPanel.java</file>
            <file>file:/C:/Users/Pawan/Documents/NetBeansProjects/Waste_Food_Management_System/src/userinterface/FoodChekerRole/ManageUserAccountJPanel.java</file>
            <file>file:/C:/Users/Pawan/Documents/NetBeansProjects/Waste_Food_Management_System/src/Business/Organization/Organization.java</file>
            <file>file:/C:/Users/Pawan/Documents/NetBeansProjects/Waste_Food_Management_System/src/Business/Role/DriverRole.java</file>
            <file>file:/C:/Users/Pawan/Documents/NetBeansProjects/Waste_Food_Management_System/src/userinterface/FoodChekerRole/ManageEmployeeJPanel.java</file>
            <file>file:/C:/Users/Pawan/Documents/NetBeansProjects/Waste_Food_Management_System/src/Business/WorkQueue/WorkRequest.java</file>
            <file>file:/C:/Users/Pawan/Documents/NetBeansProjects/Waste_Food_Management_System/src/userinterface/SystemAdminWorkArea/ManageEnterpriseAdminJPanel.java</file>
            <file>file:/C:/Users/Pawan/Documents/NetBeansProjects/Waste_Food_Management_System/src/Business/WorkQueue/FoodCheckWorkRequest.java</file>
            <file>file:/C:/Users/Pawan/Documents/NetBeansProjects/Waste_Food_Management_System/src/userinterface/HelperRole/ProcessWorkRequestJPanel.java</file>
            <file>file:/C:/Users/Pawan/Documents/NetBeansProjects/Waste_Food_Management_System/src/userinterface/ManagerRole/ManagerWorkAreaJPanel.java</file>
            <file>file:/C:/Users/Pawan/Documents/NetBeansProjects/Waste_Food_Management_System/src/userinterface/SystemAdminWorkArea/ManageEnterpriseJPanel.java</file>
            <file>file:/C:/Users/Pawan/Documents/NetBeansProjects/Waste_Food_Management_System/src/userinterface/DistributionInformation/SendDistributionInfoJPanel.java</file>
            <file>file:/C:/Users/Pawan/Documents/NetBeansProjects/Waste_Food_Management_System/src/Business/Organization/AdminOrganization.java</file>
            <file>file:/C:/Users/Pawan/Documents/NetBeansProjects/Waste_Food_Management_System/src/Business/Enterprise/Enterprise.java</file>
            <file>file:/C:/Users/Pawan/Documents/NetBeansProjects/Waste_Food_Management_System/src/Business/Role/FoodCheckerRole.java</file>
            <file>file:/C:/Users/Pawan/Documents/NetBeansProjects/Waste_Food_Management_System/src/userinterface/DistributionInformation/HomelessPeopleJPanel.java</file>
            <file>file:/C:/Users/Pawan/Documents/NetBeansProjects/Waste_Food_Management_System/src/userinterface/AdministrativeRole/ManageLeftFoodJPanel.java</file>
            <file>file:/C:/Users/Pawan/Documents/NetBeansProjects/Waste_Food_Management_System/src/userinterface/DriverRole/DriverWorkAreaJPanel.java</file>
            <file>file:/C:/Users/Pawan/Documents/NetBeansProjects/Waste_Food_Management_System/src/userinterface/DriverRole/GetHelperWorkAreaJPanel.java</file>
            <file>file:/C:/Users/Pawan/Documents/NetBeansProjects/Waste_Food_Management_System/src/userinterface/SystemAdminWorkArea/SystemAdminWorkAreaJPanel.java</file>
            <file>file:/C:/Users/Pawan/Documents/NetBeansProjects/Waste_Food_Management_System/src/Business/Restaurant/Restaurant.java</file>
            <file>file:/C:/Users/Pawan/Documents/NetBeansProjects/Waste_Food_Management_System/src/userinterface/FoodChekerRole/FoodCheckerAdminWorkAreaJPanel.java</file>
            <file>file:/C:/Users/Pawan/Documents/NetBeansProjects/Waste_Food_Management_System/src/userinterface/FoodChekerRole/FoodProcessJPanel.java</file>
            <file>file:/C:/Users/Pawan/Documents/NetBeansProjects/Waste_Food_Management_System/src/userinterface/AdministrativeRole/WasteFoodReduction.java</file>
        </group>
    </open-files>
</project-private>
